{"IcoMoonType":"selection","icons":[{"icon":{"paths":["M832 192v-128h-640v128h-192v128c0 106.038 85.958 192 192 192 20.076 0 39.43-3.086 57.62-8.802 46.174 66.008 116.608 113.796 198.38 130.396v198.406h-64c-70.694 0-128 57.306-128 128h512c0-70.694-57.306-128-128-128h-64v-198.406c81.772-16.6 152.206-64.386 198.38-130.396 18.19 5.716 37.544 8.802 57.62 8.802 106.042 0 192-85.962 192-192v-128h-192zM192 436c-63.962 0-116-52.038-116-116v-64h116v64c0 40.186 7.43 78.632 20.954 114.068-6.802 1.246-13.798 1.932-20.954 1.932zM948 320c0 63.962-52.038 116-116 116-7.156 0-14.152-0.686-20.954-1.932 13.524-35.436 20.954-73.882 20.954-114.068v-64h116v64z"],"attrs":[{}],"isMulticolor":false,"isMulticolor2":false,"tags":["trophy","cup","prize","award","winner","tournament"],"grid":16},"attrs":[{}],"properties":{"order":1,"id":0,"prevSize":32,"code":59651,"name":"trophy"},"setIdx":0,"setId":1,"iconIdx":0},{"icon":{"paths":["M810 274l-238 238 238 238-60 60-238-238-238 238-60-60 238-238-238-238 60-60 238 238 238-238z"],"attrs":[],"isMulticolor":false,"isMulticolor2":false,"tags":["clear","close"],"grid":24},"attrs":[],"properties":{"order":3,"ligatures":"clear, close","id":153,"prevSize":24,"code":59648,"name":"clear"},"setIdx":1,"setId":0,"iconIdx":153},{"icon":{"paths":["M692 554h118v256h-118v-256zM452 214h120v596h-120v-596zM214 392h128v418h-128v-418z"],"attrs":[],"isMulticolor":false,"isMulticolor2":false,"tags":["bar_chart"],"grid":24},"attrs":[],"properties":{"order":6,"ligatures":"bar_chart","id":316,"prevSize":24,"code":59653,"name":"bar_chart"},"setIdx":1,"setId":0,"iconIdx":316},{"icon":{"paths":["M384 690l452-452 60 60-512 512-238-238 60-60z"],"attrs":[],"isMulticolor":false,"isMulticolor2":false,"tags":["check"],"grid":24},"attrs":[],"properties":{"order":2,"ligatures":"check","id":595,"prevSize":24,"code":59649,"name":"check"},"setIdx":1,"setId":0,"iconIdx":595},{"icon":{"paths":["M682 554q56 0 122 16t122 52 56 82v106h-256v-106q0-88-84-148 14-2 40-2zM342 554q56 0 122 16t121 52 55 82v106h-598v-106q0-46 56-82t122-52 122-16zM342 470q-52 0-90-38t-38-90 38-90 90-38 89 38 37 90-37 90-89 38zM682 470q-52 0-90-38t-38-90 38-90 90-38 90 38 38 90-38 90-90 38z"],"attrs":[],"isMulticolor":false,"isMulticolor2":false,"tags":["group","people"],"grid":24},"attrs":[],"properties":{"order":5,"ligatures":"group, people","id":673,"prevSize":24,"code":59654,"name":"group"},"setIdx":1,"setId":0,"iconIdx":673},{"icon":{"paths":["M512 736l-264 160 70-300-232-202 306-26 120-282 120 282 306 26-232 202 70 300z"],"attrs":[],"isMulticolor":false,"isMulticolor2":false,"tags":["star","grade"],"grid":24},"attrs":[],"properties":{"order":4,"ligatures":"star, grade","id":703,"prevSize":24,"code":59650,"name":"star"},"setIdx":1,"setId":0,"iconIdx":703},{"icon":{"paths":["M642 480q40-40 40-96 0-70-50-120t-120-50-120 50-50 120h84q0-34 26-60t60-26 60 26 26 60-26 60l-52 54q-50 54-50 120v22h84q0-66 50-120zM554 810v-84h-84v84h84zM512 86q176 0 301 125t125 301-125 301-301 125-301-125-125-301 125-301 301-125z"],"attrs":[],"isMulticolor":false,"isMulticolor2":false,"tags":["help"],"grid":24},"attrs":[],"properties":{"order":7,"ligatures":"help","id":753,"prevSize":24,"code":59652,"name":"help"},"setIdx":1,"setId":0,"iconIdx":753}],"height":1024,"metadata":{"name":"icomoon"},"preferences":{"showGlyphs":true,"showCodes":true,"showQuickUse":true,"showQuickUse2":true,"showSVGs":true,"fontPref":{"prefix":"icon-","metadata":{"fontFamily":"icomoon"},"metrics":{"emSize":1024,"baseline":6.25,"whitespace":50},"embed":false},"imagePref":{"prefix":"icon-","png":true,"useClassSelector":true,"color":0,"bgColor":16777215},"historySize":50}}